{
  "version": 1,
  "author": "Anonymous maker",
  "editor": "wokwi",
  "parts": [
    { "type": "wokwi-breadboard-mini", "id": "bb1", "top": -107, "left": 141.6, "attrs": {} },
    { "type": "board-esp32-devkit-c-v4", "id": "esp", "top": 0, "left": 0, "attrs": {} },
    {
      "type": "wokwi-led",
      "id": "led1",
      "top": -32.4,
      "left": 148.2,
      "attrs": { "color": "red", "flip": "" }
    },
    {
      "type": "wokwi-led",
      "id": "led2",
      "top": -32.4,
      "left": 186.6,
      "attrs": { "color": "red", "flip": "" }
    },
    {
      "type": "wokwi-resistor",
      "id": "r1",
      "top": 42.35,
      "left": 153.6,
      "attrs": { "value": "1000" }
    }
  ],
  "connections": [
    [ "esp:TX", "$serialMonitor:RX", "", [] ],
    [ "esp:RX", "$serialMonitor:TX", "", [] ],
    [ "esp:23", "r1:1", "green", [ "h0" ] ],
    [ "esp:22", "r1:1", "green", [ "h0" ] ],
    [ "led1:A", "bb1:3b.j", "", [ "$bb" ] ],
    [ "led1:C", "bb1:2b.j", "", [ "$bb" ] ],
    [ "led2:A", "bb1:7b.j", "", [ "$bb" ] ],
    [ "led2:C", "bb1:6b.j", "", [ "$bb" ] ],
    [ "esp:GND.2", "led1:C", "black", [ "v0", "h62.44" ] ],
    [ "esp:GND.2", "led2:C", "black", [ "v0", "h100.84" ] ],
    [ "r1:2", "led2:A", "green", [ "v0" ] ],
    [ "r1:2", "led1:A", "green", [ "v-9.6", "h-39.6" ] ]
  ],
  "dependencies": {}
}